order_id,primary_rep_id,secondary_rep_id,load_date,record_source
O100001,120,117,2024-02-01,E2E-order-rep
O100002,121,101,2024-02-01,E2E-order-rep
O100003,104,115,2024-02-01,E2E-order-rep
O100004,106,119,2024-02-01,E2E-order-rep
O100005,110,106,2024-02-01,E2E-order-rep
O100006,115,120,2024-02-01,E2E-order-rep
O100007,105,104,2024-02-01,E2E-order-rep
O100008,121,101,2024-02-01,E2E-order-rep
O100009,114,111,2024-02-01,E2E-order-rep
O100010,113,121,2024-02-01,E2E-order-rep
O100011,115,106,2024-02-01,E2E-order-rep
O100012,115,104,2024-02-01,E2E-order-rep
O100013,101,103,2024-02-01,E2E-order-rep
O100014,121,123,2024-02-01,E2E-order-rep
O100015,120,105,2024-02-01,E2E-order-rep
O100016,105,116,2024-02-01,E2E-order-rep
O100017,121,118,2024-02-01,E2E-order-rep
O100018,125,101,2024-02-01,E2E-order-rep
O100019,104,116,2024-02-01,E2E-order-rep
O100020,102,117,2024-02-01,E2E-order-rep
O100021,111,117,2024-02-01,E2E-order-rep
O100022,104,109,2024-02-01,E2E-order-rep
O100023,112,120,2024-02-01,E2E-order-rep
O100024,110,122,2024-02-01,E2E-order-rep
O100025,106,102,2024-02-01,E2E-order-rep
O100026,103,104,2024-02-01,E2E-order-rep
O100027,120,106,2024-02-01,E2E-order-rep
O100028,111,113,2024-02-01,E2E-order-rep
O100029,105,117,2024-02-01,E2E-order-rep
O100030,113,106,2024-02-01,E2E-order-rep
O100031,118,125,2024-02-01,E2E-order-rep
O100032,107,116,2024-02-01,E2E-order-rep
O100033,102,119,2024-02-01,E2E-order-rep
O100034,123,111,2024-02-01,E2E-order-rep
O100035,125,116,2024-02-01,E2E-order-rep
O100036,119,120,2024-02-01,E2E-order-rep
O100037,110,104,2024-02-01,E2E-order-rep
O100038,102,123,2024-02-01,E2E-order-rep
O100039,117,116,2024-02-01,E2E-order-rep
O100040,108,117,2024-02-01,E2E-order-rep
O100041,120,113,2024-02-01,E2E-order-rep
O100042,118,101,2024-02-01,E2E-order-rep
O100043,105,110,2024-02-01,E2E-order-rep
O100044,117,116,2024-02-01,E2E-order-rep
O100045,118,117,2024-02-01,E2E-order-rep
O100046,113,122,2024-02-01,E2E-order-rep
O100047,101,122,2024-02-01,E2E-order-rep
O100048,101,122,2024-02-01,E2E-order-rep
O100049,112,124,2024-02-01,E2E-order-rep
O100050,117,109,2024-02-01,E2E-order-rep
O100051,104,120,2024-02-01,E2E-order-rep
O100052,125,110,2024-02-01,E2E-order-rep
O100053,116,103,2024-02-01,E2E-order-rep
O100054,117,110,2024-02-01,E2E-order-rep
O100055,102,110,2024-02-01,E2E-order-rep
O100056,121,101,2024-02-01,E2E-order-rep
O100057,106,104,2024-02-01,E2E-order-rep
O100058,108,114,2024-02-01,E2E-order-rep
O100059,112,122,2024-02-01,E2E-order-rep
O100060,124,114,2024-02-01,E2E-order-rep
O100061,113,110,2024-02-01,E2E-order-rep
O100062,114,102,2024-02-01,E2E-order-rep
O100063,116,108,2024-02-01,E2E-order-rep
O100064,122,110,2024-02-01,E2E-order-rep
O100065,117,121,2024-02-01,E2E-order-rep
O100066,119,105,2024-02-01,E2E-order-rep
O100067,104,120,2024-02-01,E2E-order-rep
O100068,113,125,2024-02-01,E2E-order-rep
O100069,114,119,2024-02-01,E2E-order-rep
O100070,125,104,2024-02-01,E2E-order-rep
O100071,104,111,2024-02-01,E2E-order-rep
O100072,105,102,2024-02-01,E2E-order-rep
O100073,108,109,2024-02-01,E2E-order-rep
O100074,111,118,2024-02-01,E2E-order-rep
O100075,103,115,2024-02-01,E2E-order-rep
O100076,109,116,2024-02-01,E2E-order-rep
O100077,102,120,2024-02-01,E2E-order-rep
O100078,119,102,2024-02-01,E2E-order-rep
O100079,124,103,2024-02-01,E2E-order-rep
O100080,102,112,2024-02-01,E2E-order-rep
O100081,101,122,2024-02-01,E2E-order-rep
O100082,102,122,2024-02-01,E2E-order-rep
O100083,105,112,2024-02-01,E2E-order-rep
O100084,121,107,2024-02-01,E2E-order-rep
O100085,109,122,2024-02-01,E2E-order-rep
O100086,108,105,2024-02-01,E2E-order-rep
O100087,116,120,2024-02-01,E2E-order-rep
O100088,108,121,2024-02-01,E2E-order-rep
O100089,109,124,2024-02-01,E2E-order-rep
O100090,101,114,2024-02-01,E2E-order-rep
O100091,120,116,2024-02-01,E2E-order-rep
O100092,125,124,2024-02-01,E2E-order-rep
O100093,108,112,2024-02-01,E2E-order-rep
O100094,103,116,2024-02-01,E2E-order-rep
O100095,112,117,2024-02-01,E2E-order-rep
O100096,119,107,2024-02-01,E2E-order-rep
O100097,109,110,2024-02-01,E2E-order-rep
O100098,110,116,2024-02-01,E2E-order-rep
O100099,113,107,2024-02-01,E2E-order-rep
O100100,101,111,2024-02-01,E2E-order-rep
O100101,103,115,2024-02-01,E2E-order-rep
O100102,108,119,2024-02-01,E2E-order-rep
O100103,103,119,2024-02-01,E2E-order-rep
O100104,114,123,2024-02-01,E2E-order-rep
O100105,103,115,2024-02-01,E2E-order-rep
O100106,114,112,2024-02-01,E2E-order-rep
O100107,110,114,2024-02-01,E2E-order-rep
O100108,107,120,2024-02-01,E2E-order-rep
O100109,125,117,2024-02-01,E2E-order-rep
O100110,113,125,2024-02-01,E2E-order-rep
O100111,118,102,2024-02-01,E2E-order-rep
O100112,113,111,2024-02-01,E2E-order-rep
O100113,106,107,2024-02-01,E2E-order-rep
O100114,113,123,2024-02-01,E2E-order-rep
O100115,113,123,2024-02-01,E2E-order-rep
O100116,121,107,2024-02-01,E2E-order-rep
O100117,120,118,2024-02-01,E2E-order-rep
O100118,114,123,2024-02-01,E2E-order-rep
O100119,107,116,2024-02-01,E2E-order-rep
O100120,112,102,2024-02-01,E2E-order-rep
O100121,105,121,2024-02-01,E2E-order-rep
O100122,118,115,2024-02-01,E2E-order-rep
O100123,118,123,2024-02-01,E2E-order-rep
O100124,112,124,2024-02-01,E2E-order-rep
O100125,112,109,2024-02-01,E2E-order-rep
O100126,119,113,2024-02-01,E2E-order-rep
O100127,105,103,2024-02-01,E2E-order-rep
O100128,107,112,2024-02-01,E2E-order-rep
O100129,108,102,2024-02-01,E2E-order-rep
O100130,121,123,2024-02-01,E2E-order-rep
O100131,115,121,2024-02-01,E2E-order-rep
O100132,125,120,2024-02-01,E2E-order-rep
O100133,116,102,2024-02-01,E2E-order-rep
O100134,120,118,2024-02-01,E2E-order-rep
O100135,108,110,2024-02-01,E2E-order-rep
O100136,105,114,2024-02-01,E2E-order-rep
O100137,107,121,2024-02-01,E2E-order-rep
O100138,117,122,2024-02-01,E2E-order-rep
O100139,120,109,2024-02-01,E2E-order-rep
O100140,111,106,2024-02-01,E2E-order-rep
O100141,109,115,2024-02-01,E2E-order-rep
O100142,113,108,2024-02-01,E2E-order-rep
O100143,118,109,2024-02-01,E2E-order-rep
O100144,104,111,2024-02-01,E2E-order-rep
O100145,101,120,2024-02-01,E2E-order-rep
O100146,118,109,2024-02-01,E2E-order-rep
O100147,122,116,2024-02-01,E2E-order-rep
O100148,109,103,2024-02-01,E2E-order-rep
O100149,105,108,2024-02-01,E2E-order-rep
O100150,118,115,2024-02-01,E2E-order-rep
O100151,109,106,2024-02-01,E2E-order-rep
O100152,101,119,2024-02-01,E2E-order-rep
O100153,117,102,2024-02-01,E2E-order-rep
O100154,111,107,2024-02-01,E2E-order-rep
O100155,124,104,2024-02-01,E2E-order-rep
O100156,116,125,2024-02-01,E2E-order-rep
O100157,108,118,2024-02-01,E2E-order-rep
O100158,105,113,2024-02-01,E2E-order-rep
O100159,117,103,2024-02-01,E2E-order-rep
O100160,112,120,2024-02-01,E2E-order-rep
O100161,125,106,2024-02-01,E2E-order-rep
O100162,125,106,2024-02-01,E2E-order-rep
O100163,107,106,2024-02-01,E2E-order-rep
O100164,122,106,2024-02-01,E2E-order-rep
O100165,105,125,2024-02-01,E2E-order-rep
O100166,113,116,2024-02-01,E2E-order-rep
O100167,120,101,2024-02-01,E2E-order-rep
O100168,105,115,2024-02-01,E2E-order-rep
O100169,117,108,2024-02-01,E2E-order-rep
O100170,103,107,2024-02-01,E2E-order-rep
O100171,106,120,2024-02-01,E2E-order-rep
O100172,119,115,2024-02-01,E2E-order-rep
O100173,116,122,2024-02-01,E2E-order-rep
O100174,108,109,2024-02-01,E2E-order-rep
O100175,116,119,2024-02-01,E2E-order-rep
O100176,121,103,2024-02-01,E2E-order-rep
O100177,113,124,2024-02-01,E2E-order-rep
O100178,112,125,2024-02-01,E2E-order-rep
O100179,124,104,2024-02-01,E2E-order-rep
O100180,122,118,2024-02-01,E2E-order-rep
O100181,110,105,2024-02-01,E2E-order-rep
O100182,125,102,2024-02-01,E2E-order-rep
O100183,101,115,2024-02-01,E2E-order-rep
O100184,101,106,2024-02-01,E2E-order-rep
O100185,117,110,2024-02-01,E2E-order-rep
O100186,108,109,2024-02-01,E2E-order-rep
O100187,116,114,2024-02-01,E2E-order-rep
O100188,109,125,2024-02-01,E2E-order-rep
O100189,119,123,2024-02-01,E2E-order-rep
O100190,105,120,2024-02-01,E2E-order-rep
O100191,116,124,2024-02-01,E2E-order-rep
O100192,120,107,2024-02-01,E2E-order-rep
O100193,112,111,2024-02-01,E2E-order-rep
O100194,120,102,2024-02-01,E2E-order-rep
O100195,122,101,2024-02-01,E2E-order-rep
O100196,106,101,2024-02-01,E2E-order-rep
O100197,103,109,2024-02-01,E2E-order-rep
O100198,123,109,2024-02-01,E2E-order-rep
O100199,112,108,2024-02-01,E2E-order-rep
O100200,102,110,2024-02-01,E2E-order-rep
O100201,101,113,2024-02-01,E2E-order-rep
O100202,121,111,2024-02-01,E2E-order-rep
O100203,101,116,2024-02-01,E2E-order-rep
O100204,114,106,2024-02-01,E2E-order-rep
O100205,113,114,2024-02-01,E2E-order-rep
O100206,125,109,2024-02-01,E2E-order-rep
O100207,121,116,2024-02-01,E2E-order-rep
O100208,125,114,2024-02-01,E2E-order-rep
O100209,109,113,2024-02-01,E2E-order-rep
O100210,105,112,2024-02-01,E2E-order-rep
O100211,117,103,2024-02-01,E2E-order-rep
O100212,116,114,2024-02-01,E2E-order-rep
O100213,108,120,2024-02-01,E2E-order-rep
O100214,115,117,2024-02-01,E2E-order-rep
O100215,115,116,2024-02-01,E2E-order-rep
O100216,124,103,2024-02-01,E2E-order-rep
O100217,108,101,2024-02-01,E2E-order-rep
O100218,107,108,2024-02-01,E2E-order-rep
O100219,105,119,2024-02-01,E2E-order-rep
O100220,107,115,2024-02-01,E2E-order-rep
O100221,117,119,2024-02-01,E2E-order-rep
O100222,125,118,2024-02-01,E2E-order-rep
O100223,109,121,2024-02-01,E2E-order-rep
O100224,109,104,2024-02-01,E2E-order-rep
O100225,123,114,2024-02-01,E2E-order-rep
O100226,118,117,2024-02-01,E2E-order-rep
O100227,110,116,2024-02-01,E2E-order-rep
O100228,118,114,2024-02-01,E2E-order-rep
O100229,105,115,2024-02-01,E2E-order-rep
O100230,106,118,2024-02-01,E2E-order-rep
O100231,107,110,2024-02-01,E2E-order-rep
O100232,110,125,2024-02-01,E2E-order-rep
O100233,115,120,2024-02-01,E2E-order-rep
O100234,117,105,2024-02-01,E2E-order-rep
O100235,106,108,2024-02-01,E2E-order-rep
O100236,107,106,2024-02-01,E2E-order-rep
O100237,113,109,2024-02-01,E2E-order-rep
O100238,111,110,2024-02-01,E2E-order-rep
O100239,108,112,2024-02-01,E2E-order-rep
O100240,116,110,2024-02-01,E2E-order-rep
O100241,114,123,2024-02-01,E2E-order-rep
O100242,109,103,2024-02-01,E2E-order-rep
O100243,122,116,2024-02-01,E2E-order-rep
O100244,105,120,2024-02-01,E2E-order-rep
O100245,102,121,2024-02-01,E2E-order-rep
O100246,121,115,2024-02-01,E2E-order-rep
O100247,105,107,2024-02-01,E2E-order-rep
O100248,105,107,2024-02-01,E2E-order-rep
O100249,106,107,2024-02-01,E2E-order-rep
O100250,109,116,2024-02-01,E2E-order-rep
O100251,118,102,2024-02-01,E2E-order-rep
O100252,104,125,2024-02-01,E2E-order-rep
O100253,105,111,2024-02-01,E2E-order-rep
O100254,115,114,2024-02-01,E2E-order-rep
O100255,119,111,2024-02-01,E2E-order-rep
O100256,109,113,2024-02-01,E2E-order-rep
O100257,121,114,2024-02-01,E2E-order-rep
O100258,106,120,2024-02-01,E2E-order-rep
O100259,125,106,2024-02-01,E2E-order-rep
O100260,101,116,2024-02-01,E2E-order-rep
O100261,106,104,2024-02-01,E2E-order-rep
O100262,101,111,2024-02-01,E2E-order-rep
O100263,114,101,2024-02-01,E2E-order-rep
O100264,123,116,2024-02-01,E2E-order-rep
O100265,114,103,2024-02-01,E2E-order-rep
O100266,120,123,2024-02-01,E2E-order-rep
O100267,114,102,2024-02-01,E2E-order-rep
O100268,121,116,2024-02-01,E2E-order-rep
O100269,122,106,2024-02-01,E2E-order-rep
O100270,112,109,2024-02-01,E2E-order-rep
O100271,104,105,2024-02-01,E2E-order-rep
O100272,108,101,2024-02-01,E2E-order-rep
O100273,106,115,2024-02-01,E2E-order-rep
O100274,124,109,2024-02-01,E2E-order-rep
O100275,102,113,2024-02-01,E2E-order-rep
O100276,118,113,2024-02-01,E2E-order-rep
O100277,109,119,2024-02-01,E2E-order-rep
O100278,118,119,2024-02-01,E2E-order-rep
O100279,104,120,2024-02-01,E2E-order-rep
O100280,118,112,2024-02-01,E2E-order-rep
O100281,102,113,2024-02-01,E2E-order-rep
O100282,122,111,2024-02-01,E2E-order-rep
O100283,119,106,2024-02-01,E2E-order-rep
O100284,116,107,2024-02-01,E2E-order-rep
O100285,116,102,2024-02-01,E2E-order-rep
O100286,119,125,2024-02-01,E2E-order-rep
O100287,110,125,2024-02-01,E2E-order-rep
O100288,113,101,2024-02-01,E2E-order-rep
O100289,110,118,2024-02-01,E2E-order-rep
O100290,125,104,2024-02-01,E2E-order-rep
O100291,124,125,2024-02-01,E2E-order-rep
O100292,120,107,2024-02-01,E2E-order-rep
O100293,108,122,2024-02-01,E2E-order-rep
O100294,125,122,2024-02-01,E2E-order-rep
O100295,110,125,2024-02-01,E2E-order-rep
O100296,101,118,2024-02-01,E2E-order-rep
O100297,116,101,2024-02-01,E2E-order-rep
O100298,122,118,2024-02-01,E2E-order-rep
O100299,107,117,2024-02-01,E2E-order-rep
O100300,108,124,2024-02-01,E2E-order-rep
O100301,125,104,2024-02-01,E2E-order-rep
O100302,106,110,2024-02-01,E2E-order-rep
O100303,119,116,2024-02-01,E2E-order-rep
O100304,108,114,2024-02-01,E2E-order-rep
O100305,115,102,2024-02-01,E2E-order-rep
O100306,117,104,2024-02-01,E2E-order-rep
O100307,125,108,2024-02-01,E2E-order-rep
O100308,102,111,2024-02-01,E2E-order-rep
O100309,108,124,2024-02-01,E2E-order-rep
O100310,106,120,2024-02-01,E2E-order-rep
O100311,125,111,2024-02-01,E2E-order-rep
O100312,118,110,2024-02-01,E2E-order-rep
O100313,121,118,2024-02-01,E2E-order-rep
O100314,120,117,2024-02-01,E2E-order-rep
O100315,121,106,2024-02-01,E2E-order-rep
O100316,103,108,2024-02-01,E2E-order-rep
O100317,104,121,2024-02-01,E2E-order-rep
O100318,125,108,2024-02-01,E2E-order-rep
O100319,117,121,2024-02-01,E2E-order-rep
O100320,121,104,2024-02-01,E2E-order-rep
O100321,116,113,2024-02-01,E2E-order-rep
O100322,118,103,2024-02-01,E2E-order-rep
O100323,105,111,2024-02-01,E2E-order-rep
O100324,111,125,2024-02-01,E2E-order-rep
O100325,113,123,2024-02-01,E2E-order-rep
O100326,104,122,2024-02-01,E2E-order-rep
O100327,109,123,2024-02-01,E2E-order-rep
O100328,122,123,2024-02-01,E2E-order-rep
O100329,108,111,2024-02-01,E2E-order-rep
O100330,125,104,2024-02-01,E2E-order-rep
O100331,108,109,2024-02-01,E2E-order-rep
O100332,122,115,2024-02-01,E2E-order-rep
O100333,103,120,2024-02-01,E2E-order-rep
O100334,104,101,2024-02-01,E2E-order-rep
O100335,115,121,2024-02-01,E2E-order-rep
O100336,119,125,2024-02-01,E2E-order-rep
O100337,120,121,2024-02-01,E2E-order-rep
O100338,124,113,2024-02-01,E2E-order-rep
O100339,115,125,2024-02-01,E2E-order-rep
O100340,117,123,2024-02-01,E2E-order-rep
O100341,124,114,2024-02-01,E2E-order-rep
O100342,115,101,2024-02-01,E2E-order-rep
O100343,105,103,2024-02-01,E2E-order-rep
O100344,114,120,2024-02-01,E2E-order-rep
O100345,119,117,2024-02-01,E2E-order-rep
O100346,114,123,2024-02-01,E2E-order-rep
O100347,117,121,2024-02-01,E2E-order-rep
O100348,113,103,2024-02-01,E2E-order-rep
O100349,101,124,2024-02-01,E2E-order-rep
O100350,107,121,2024-02-01,E2E-order-rep
O100351,116,124,2024-02-01,E2E-order-rep
O100352,108,124,2024-02-01,E2E-order-rep
O100353,109,124,2024-02-01,E2E-order-rep
O100354,115,123,2024-02-01,E2E-order-rep
O100355,121,116,2024-02-01,E2E-order-rep
O100356,112,102,2024-02-01,E2E-order-rep
O100357,107,104,2024-02-01,E2E-order-rep
O100358,118,102,2024-02-01,E2E-order-rep
O100359,109,112,2024-02-01,E2E-order-rep
O100360,123,112,2024-02-01,E2E-order-rep
O100361,113,107,2024-02-01,E2E-order-rep
O100362,102,118,2024-02-01,E2E-order-rep
O100363,105,104,2024-02-01,E2E-order-rep
O100364,123,104,2024-02-01,E2E-order-rep
O100365,119,109,2024-02-01,E2E-order-rep
O100366,108,103,2024-02-01,E2E-order-rep
O100367,104,120,2024-02-01,E2E-order-rep
O100368,125,120,2024-02-01,E2E-order-rep
O100369,120,108,2024-02-01,E2E-order-rep
O100370,115,109,2024-02-01,E2E-order-rep
O100371,111,124,2024-02-01,E2E-order-rep
O100372,124,111,2024-02-01,E2E-order-rep
O100373,107,110,2024-02-01,E2E-order-rep
O100374,116,115,2024-02-01,E2E-order-rep
O100375,108,109,2024-02-01,E2E-order-rep
O100376,124,111,2024-02-01,E2E-order-rep
O100377,110,106,2024-02-01,E2E-order-rep
O100378,104,120,2024-02-01,E2E-order-rep
O100379,120,105,2024-02-01,E2E-order-rep
O100380,114,122,2024-02-01,E2E-order-rep
O100381,114,104,2024-02-01,E2E-order-rep
O100382,111,119,2024-02-01,E2E-order-rep
O100383,101,117,2024-02-01,E2E-order-rep
O100384,115,123,2024-02-01,E2E-order-rep
O100385,114,125,2024-02-01,E2E-order-rep
O100386,101,102,2024-02-01,E2E-order-rep
O100387,122,118,2024-02-01,E2E-order-rep
O100388,118,121,2024-02-01,E2E-order-rep
O100389,112,105,2024-02-01,E2E-order-rep
O100390,108,124,2024-02-01,E2E-order-rep
O100391,109,112,2024-02-01,E2E-order-rep
O100392,111,123,2024-02-01,E2E-order-rep
O100393,105,109,2024-02-01,E2E-order-rep
O100394,114,124,2024-02-01,E2E-order-rep
O100395,119,112,2024-02-01,E2E-order-rep
O100396,105,119,2024-02-01,E2E-order-rep
O100397,106,111,2024-02-01,E2E-order-rep
O100398,124,102,2024-02-01,E2E-order-rep
O100399,106,108,2024-02-01,E2E-order-rep
O100400,108,103,2024-02-01,E2E-order-rep
O100401,103,101,2024-02-01,E2E-order-rep
O100402,119,113,2024-02-01,E2E-order-rep
O100403,107,113,2024-02-01,E2E-order-rep
O100404,106,110,2024-02-01,E2E-order-rep
O100405,119,103,2024-02-01,E2E-order-rep
O100406,105,111,2024-02-01,E2E-order-rep
O100407,120,114,2024-02-01,E2E-order-rep
O100408,120,105,2024-02-01,E2E-order-rep
O100409,103,124,2024-02-01,E2E-order-rep
O100410,120,118,2024-02-01,E2E-order-rep
O100411,121,120,2024-02-01,E2E-order-rep
O100412,101,110,2024-02-01,E2E-order-rep
O100413,110,112,2024-02-01,E2E-order-rep
O100414,106,120,2024-02-01,E2E-order-rep
O100415,104,122,2024-02-01,E2E-order-rep
O100416,121,105,2024-02-01,E2E-order-rep
O100417,114,119,2024-02-01,E2E-order-rep
O100418,125,108,2024-02-01,E2E-order-rep
O100419,125,121,2024-02-01,E2E-order-rep
O100420,120,102,2024-02-01,E2E-order-rep
O100421,102,125,2024-02-01,E2E-order-rep
O100422,105,123,2024-02-01,E2E-order-rep
O100423,101,117,2024-02-01,E2E-order-rep
O100424,108,107,2024-02-01,E2E-order-rep
O100425,108,117,2024-02-01,E2E-order-rep
O100426,116,104,2024-02-01,E2E-order-rep
O100427,108,121,2024-02-01,E2E-order-rep
O100428,104,114,2024-02-01,E2E-order-rep
O100429,120,122,2024-02-01,E2E-order-rep
O100430,121,108,2024-02-01,E2E-order-rep
O100431,108,124,2024-02-01,E2E-order-rep
O100432,113,101,2024-02-01,E2E-order-rep
O100433,109,103,2024-02-01,E2E-order-rep
O100434,102,111,2024-02-01,E2E-order-rep
O100435,123,109,2024-02-01,E2E-order-rep
O100436,119,103,2024-02-01,E2E-order-rep
O100437,117,125,2024-02-01,E2E-order-rep
O100438,102,120,2024-02-01,E2E-order-rep
O100439,123,109,2024-02-01,E2E-order-rep
O100440,123,117,2024-02-01,E2E-order-rep
O100441,105,112,2024-02-01,E2E-order-rep
O100442,120,124,2024-02-01,E2E-order-rep
O100443,107,118,2024-02-01,E2E-order-rep
O100444,108,122,2024-02-01,E2E-order-rep
O100445,115,108,2024-02-01,E2E-order-rep
O100446,102,111,2024-02-01,E2E-order-rep
O100447,115,117,2024-02-01,E2E-order-rep
O100448,118,103,2024-02-01,E2E-order-rep
O100449,109,121,2024-02-01,E2E-order-rep
O100450,120,112,2024-02-01,E2E-order-rep
O100451,101,103,2024-02-01,E2E-order-rep
O100452,116,113,2024-02-01,E2E-order-rep
O100453,124,118,2024-02-01,E2E-order-rep
O100454,121,110,2024-02-01,E2E-order-rep
O100455,110,119,2024-02-01,E2E-order-rep
O100456,102,113,2024-02-01,E2E-order-rep
O100457,104,115,2024-02-01,E2E-order-rep
O100458,113,117,2024-02-01,E2E-order-rep
O100459,124,107,2024-02-01,E2E-order-rep
O100460,107,106,2024-02-01,E2E-order-rep
O100461,117,122,2024-02-01,E2E-order-rep
O100462,120,121,2024-02-01,E2E-order-rep
O100463,115,116,2024-02-01,E2E-order-rep
O100464,105,118,2024-02-01,E2E-order-rep
O100465,116,115,2024-02-01,E2E-order-rep
O100466,120,124,2024-02-01,E2E-order-rep
O100467,104,116,2024-02-01,E2E-order-rep
O100468,125,106,2024-02-01,E2E-order-rep
O100469,108,114,2024-02-01,E2E-order-rep
O100470,118,110,2024-02-01,E2E-order-rep
O100471,114,121,2024-02-01,E2E-order-rep
O100472,104,115,2024-02-01,E2E-order-rep
O100473,115,125,2024-02-01,E2E-order-rep
O100474,119,114,2024-02-01,E2E-order-rep
O100475,107,120,2024-02-01,E2E-order-rep
O100476,124,118,2024-02-01,E2E-order-rep
O100477,122,121,2024-02-01,E2E-order-rep
O100478,125,111,2024-02-01,E2E-order-rep
O100479,102,113,2024-02-01,E2E-order-rep
O100480,124,120,2024-02-01,E2E-order-rep
O100481,102,121,2024-02-01,E2E-order-rep
O100482,101,117,2024-02-01,E2E-order-rep
O100483,116,119,2024-02-01,E2E-order-rep
O100484,118,101,2024-02-01,E2E-order-rep
O100485,115,105,2024-02-01,E2E-order-rep
O100486,111,121,2024-02-01,E2E-order-rep
O100487,103,116,2024-02-01,E2E-order-rep
O100488,106,123,2024-02-01,E2E-order-rep
O100489,124,117,2024-02-01,E2E-order-rep
O100490,101,116,2024-02-01,E2E-order-rep
O100491,109,115,2024-02-01,E2E-order-rep
O100492,105,125,2024-02-01,E2E-order-rep
O100493,107,124,2024-02-01,E2E-order-rep
O100494,115,121,2024-02-01,E2E-order-rep
O100495,104,113,2024-02-01,E2E-order-rep
O100496,104,120,2024-02-01,E2E-order-rep
O100497,108,116,2024-02-01,E2E-order-rep
O100498,116,103,2024-02-01,E2E-order-rep
O100499,122,113,2024-02-01,E2E-order-rep
O100500,108,103,2024-02-01,E2E-order-rep
O100501,101,113,2024-02-01,E2E-order-rep
O100502,119,114,2024-02-01,E2E-order-rep
O100503,119,108,2024-02-01,E2E-order-rep
O100504,106,125,2024-02-01,E2E-order-rep
O100505,105,112,2024-02-01,E2E-order-rep
O100506,110,118,2024-02-01,E2E-order-rep
O100507,103,102,2024-02-01,E2E-order-rep
O100508,122,114,2024-02-01,E2E-order-rep
O100509,125,107,2024-02-01,E2E-order-rep
O100510,117,114,2024-02-01,E2E-order-rep
O100511,120,104,2024-02-01,E2E-order-rep
O100512,122,104,2024-02-01,E2E-order-rep
O100513,112,115,2024-02-01,E2E-order-rep
O100514,106,110,2024-02-01,E2E-order-rep
O100515,111,125,2024-02-01,E2E-order-rep
O100516,102,115,2024-02-01,E2E-order-rep
O100517,110,125,2024-02-01,E2E-order-rep
O100518,110,104,2024-02-01,E2E-order-rep
O100519,120,109,2024-02-01,E2E-order-rep
O100520,116,105,2024-02-01,E2E-order-rep
O100521,121,114,2024-02-01,E2E-order-rep
O100522,114,110,2024-02-01,E2E-order-rep
O100523,124,111,2024-02-01,E2E-order-rep
O100524,108,113,2024-02-01,E2E-order-rep
O100525,103,112,2024-02-01,E2E-order-rep
O100526,103,113,2024-02-01,E2E-order-rep
O100527,125,103,2024-02-01,E2E-order-rep
O100528,119,125,2024-02-01,E2E-order-rep
O100529,124,108,2024-02-01,E2E-order-rep
O100530,114,106,2024-02-01,E2E-order-rep
O100531,120,107,2024-02-01,E2E-order-rep
O100532,103,117,2024-02-01,E2E-order-rep
O100533,107,111,2024-02-01,E2E-order-rep
O100534,108,115,2024-02-01,E2E-order-rep
O100535,110,102,2024-02-01,E2E-order-rep
O100536,103,115,2024-02-01,E2E-order-rep
O100537,115,118,2024-02-01,E2E-order-rep
O100538,115,102,2024-02-01,E2E-order-rep
O100539,117,119,2024-02-01,E2E-order-rep
O100540,110,101,2024-02-01,E2E-order-rep
O100541,112,110,2024-02-01,E2E-order-rep
O100542,104,102,2024-02-01,E2E-order-rep
O100543,117,123,2024-02-01,E2E-order-rep
O100544,119,113,2024-02-01,E2E-order-rep
O100545,117,122,2024-02-01,E2E-order-rep
O100546,120,123,2024-02-01,E2E-order-rep
O100547,119,124,2024-02-01,E2E-order-rep
O100548,108,103,2024-02-01,E2E-order-rep
O100549,119,123,2024-02-01,E2E-order-rep
O100550,103,114,2024-02-01,E2E-order-rep
O100551,117,101,2024-02-01,E2E-order-rep
O100552,123,117,2024-02-01,E2E-order-rep
O100553,124,121,2024-02-01,E2E-order-rep
O100554,116,107,2024-02-01,E2E-order-rep
O100555,122,103,2024-02-01,E2E-order-rep
O100556,123,105,2024-02-01,E2E-order-rep
O100557,122,102,2024-02-01,E2E-order-rep
O100558,103,112,2024-02-01,E2E-order-rep
O100559,113,104,2024-02-01,E2E-order-rep
O100560,124,105,2024-02-01,E2E-order-rep
O100561,104,124,2024-02-01,E2E-order-rep
O100562,106,113,2024-02-01,E2E-order-rep
O100563,121,118,2024-02-01,E2E-order-rep
O100564,122,115,2024-02-01,E2E-order-rep
O100565,112,114,2024-02-01,E2E-order-rep
O100566,104,115,2024-02-01,E2E-order-rep
O100567,115,116,2024-02-01,E2E-order-rep
O100568,106,112,2024-02-01,E2E-order-rep
O100569,105,121,2024-02-01,E2E-order-rep
O100570,124,111,2024-02-01,E2E-order-rep
O100571,111,101,2024-02-01,E2E-order-rep
O100572,123,101,2024-02-01,E2E-order-rep
O100573,108,115,2024-02-01,E2E-order-rep
O100574,115,118,2024-02-01,E2E-order-rep
O100575,113,111,2024-02-01,E2E-order-rep
O100576,110,114,2024-02-01,E2E-order-rep
O100577,124,116,2024-02-01,E2E-order-rep
O100578,112,110,2024-02-01,E2E-order-rep
O100579,101,121,2024-02-01,E2E-order-rep
O100580,116,125,2024-02-01,E2E-order-rep
O100581,107,113,2024-02-01,E2E-order-rep
O100582,103,116,2024-02-01,E2E-order-rep
O100583,120,109,2024-02-01,E2E-order-rep
O100584,124,121,2024-02-01,E2E-order-rep
O100585,113,112,2024-02-01,E2E-order-rep
O100586,109,105,2024-02-01,E2E-order-rep
O100587,109,107,2024-02-01,E2E-order-rep
O100588,124,113,2024-02-01,E2E-order-rep
O100589,109,124,2024-02-01,E2E-order-rep
O100590,120,102,2024-02-01,E2E-order-rep
O100591,109,125,2024-02-01,E2E-order-rep
O100592,116,106,2024-02-01,E2E-order-rep
O100593,114,105,2024-02-01,E2E-order-rep
O100594,115,118,2024-02-01,E2E-order-rep
O100595,120,102,2024-02-01,E2E-order-rep
O100596,110,103,2024-02-01,E2E-order-rep
O100597,111,121,2024-02-01,E2E-order-rep
O100598,110,120,2024-02-01,E2E-order-rep
O100599,101,108,2024-02-01,E2E-order-rep
O100600,122,103,2024-02-01,E2E-order-rep
O100601,111,102,2024-02-01,E2E-order-rep
O100602,115,122,2024-02-01,E2E-order-rep
O100603,119,110,2024-02-01,E2E-order-rep
O100604,103,116,2024-02-01,E2E-order-rep
O100605,117,108,2024-02-01,E2E-order-rep
O100606,101,109,2024-02-01,E2E-order-rep
O100607,115,102,2024-02-01,E2E-order-rep
O100608,118,123,2024-02-01,E2E-order-rep
O100609,109,112,2024-02-01,E2E-order-rep
O100610,113,125,2024-02-01,E2E-order-rep
O100611,107,124,2024-02-01,E2E-order-rep
O100612,115,107,2024-02-01,E2E-order-rep
O100613,120,113,2024-02-01,E2E-order-rep
O100614,123,106,2024-02-01,E2E-order-rep
O100615,106,121,2024-02-01,E2E-order-rep
O100616,125,119,2024-02-01,E2E-order-rep
O100617,111,112,2024-02-01,E2E-order-rep
O100618,106,109,2024-02-01,E2E-order-rep
O100619,118,122,2024-02-01,E2E-order-rep
O100620,118,111,2024-02-01,E2E-order-rep
O100621,105,106,2024-02-01,E2E-order-rep
O100622,105,103,2024-02-01,E2E-order-rep
O100623,121,109,2024-02-01,E2E-order-rep
O100624,115,113,2024-02-01,E2E-order-rep
O100625,115,105,2024-02-01,E2E-order-rep
O100626,115,109,2024-02-01,E2E-order-rep
O100627,107,103,2024-02-01,E2E-order-rep
O100628,110,121,2024-02-01,E2E-order-rep
O100629,119,113,2024-02-01,E2E-order-rep
O100630,119,118,2024-02-01,E2E-order-rep
O100631,123,121,2024-02-01,E2E-order-rep
O100632,125,118,2024-02-01,E2E-order-rep
O100633,108,118,2024-02-01,E2E-order-rep
O100634,110,103,2024-02-01,E2E-order-rep
O100635,114,124,2024-02-01,E2E-order-rep
O100636,122,118,2024-02-01,E2E-order-rep
O100637,111,116,2024-02-01,E2E-order-rep
O100638,124,101,2024-02-01,E2E-order-rep
O100639,123,125,2024-02-01,E2E-order-rep
O100640,124,103,2024-02-01,E2E-order-rep
O100641,125,103,2024-02-01,E2E-order-rep
O100642,110,121,2024-02-01,E2E-order-rep
O100643,125,119,2024-02-01,E2E-order-rep
O100644,118,113,2024-02-01,E2E-order-rep
O100645,123,110,2024-02-01,E2E-order-rep
O100646,120,121,2024-02-01,E2E-order-rep
O100647,110,111,2024-02-01,E2E-order-rep
O100648,114,113,2024-02-01,E2E-order-rep
O100649,114,103,2024-02-01,E2E-order-rep
O100650,104,124,2024-02-01,E2E-order-rep
O100651,108,118,2024-02-01,E2E-order-rep
O100652,102,108,2024-02-01,E2E-order-rep
O100653,125,111,2024-02-01,E2E-order-rep
O100654,111,102,2024-02-01,E2E-order-rep
O100655,119,103,2024-02-01,E2E-order-rep
O100656,120,119,2024-02-01,E2E-order-rep
O100657,123,107,2024-02-01,E2E-order-rep
O100658,107,101,2024-02-01,E2E-order-rep
O100659,120,105,2024-02-01,E2E-order-rep
O100660,109,107,2024-02-01,E2E-order-rep
O100661,125,101,2024-02-01,E2E-order-rep
O100662,116,102,2024-02-01,E2E-order-rep
O100663,107,114,2024-02-01,E2E-order-rep
O100664,116,102,2024-02-01,E2E-order-rep
O100665,113,106,2024-02-01,E2E-order-rep
O100666,112,114,2024-02-01,E2E-order-rep
O100667,111,119,2024-02-01,E2E-order-rep
O100668,107,102,2024-02-01,E2E-order-rep
O100669,124,109,2024-02-01,E2E-order-rep
O100670,108,110,2024-02-01,E2E-order-rep
O100671,109,123,2024-02-01,E2E-order-rep
O100672,112,111,2024-02-01,E2E-order-rep
O100673,112,104,2024-02-01,E2E-order-rep
O100674,125,113,2024-02-01,E2E-order-rep
O100675,122,113,2024-02-01,E2E-order-rep
O100676,122,112,2024-02-01,E2E-order-rep
O100677,122,113,2024-02-01,E2E-order-rep
O100678,125,119,2024-02-01,E2E-order-rep
O100679,119,110,2024-02-01,E2E-order-rep
O100680,102,114,2024-02-01,E2E-order-rep
O100681,103,106,2024-02-01,E2E-order-rep
O100682,109,105,2024-02-01,E2E-order-rep
O100683,119,117,2024-02-01,E2E-order-rep
O100684,122,103,2024-02-01,E2E-order-rep
O100685,103,107,2024-02-01,E2E-order-rep
O100686,105,117,2024-02-01,E2E-order-rep
O100687,124,119,2024-02-01,E2E-order-rep
O100688,117,115,2024-02-01,E2E-order-rep
O100689,113,108,2024-02-01,E2E-order-rep
O100690,106,120,2024-02-01,E2E-order-rep
O100691,123,102,2024-02-01,E2E-order-rep
O100692,108,109,2024-02-01,E2E-order-rep
O100693,122,117,2024-02-01,E2E-order-rep
O100694,125,110,2024-02-01,E2E-order-rep
O100695,121,111,2024-02-01,E2E-order-rep
O100696,125,118,2024-02-01,E2E-order-rep
O100697,101,115,2024-02-01,E2E-order-rep
O100698,125,117,2024-02-01,E2E-order-rep
O100699,104,118,2024-02-01,E2E-order-rep
O100700,111,104,2024-02-01,E2E-order-rep
O100701,107,117,2024-02-01,E2E-order-rep
O100702,104,122,2024-02-01,E2E-order-rep
O100703,118,115,2024-02-01,E2E-order-rep
O100704,125,115,2024-02-01,E2E-order-rep
O100705,116,101,2024-02-01,E2E-order-rep
O100706,113,101,2024-02-01,E2E-order-rep
O100707,119,113,2024-02-01,E2E-order-rep
O100708,104,116,2024-02-01,E2E-order-rep
O100709,116,108,2024-02-01,E2E-order-rep
O100710,107,110,2024-02-01,E2E-order-rep
O100711,115,123,2024-02-01,E2E-order-rep
O100712,114,102,2024-02-01,E2E-order-rep
O100713,111,124,2024-02-01,E2E-order-rep
O100714,104,110,2024-02-01,E2E-order-rep
O100715,105,113,2024-02-01,E2E-order-rep
O100716,105,103,2024-02-01,E2E-order-rep
O100717,104,122,2024-02-01,E2E-order-rep
O100718,104,117,2024-02-01,E2E-order-rep
O100719,113,122,2024-02-01,E2E-order-rep
O100720,111,119,2024-02-01,E2E-order-rep
O100721,107,110,2024-02-01,E2E-order-rep
O100722,115,105,2024-02-01,E2E-order-rep
O100723,121,106,2024-02-01,E2E-order-rep
O100724,111,125,2024-02-01,E2E-order-rep
O100725,110,116,2024-02-01,E2E-order-rep
O100726,116,119,2024-02-01,E2E-order-rep
O100727,103,125,2024-02-01,E2E-order-rep
O100728,121,102,2024-02-01,E2E-order-rep
O100729,120,119,2024-02-01,E2E-order-rep
O100730,108,113,2024-02-01,E2E-order-rep
O100731,114,120,2024-02-01,E2E-order-rep
O100732,116,122,2024-02-01,E2E-order-rep
O100733,124,109,2024-02-01,E2E-order-rep
O100734,125,111,2024-02-01,E2E-order-rep
O100735,117,123,2024-02-01,E2E-order-rep
O100736,116,113,2024-02-01,E2E-order-rep
O100737,117,118,2024-02-01,E2E-order-rep
O100738,116,106,2024-02-01,E2E-order-rep
O100739,114,125,2024-02-01,E2E-order-rep
O100740,118,104,2024-02-01,E2E-order-rep
O100741,104,119,2024-02-01,E2E-order-rep
O100742,113,106,2024-02-01,E2E-order-rep
O100743,101,120,2024-02-01,E2E-order-rep
O100744,118,114,2024-02-01,E2E-order-rep
O100745,113,103,2024-02-01,E2E-order-rep
O100746,111,108,2024-02-01,E2E-order-rep
O100747,118,102,2024-02-01,E2E-order-rep
O100748,107,124,2024-02-01,E2E-order-rep
O100749,108,120,2024-02-01,E2E-order-rep
O100750,115,107,2024-02-01,E2E-order-rep
O100751,112,115,2024-02-01,E2E-order-rep
O100752,125,114,2024-02-01,E2E-order-rep
O100753,120,125,2024-02-01,E2E-order-rep
O100754,123,103,2024-02-01,E2E-order-rep
O100755,111,114,2024-02-01,E2E-order-rep
O100756,110,115,2024-02-01,E2E-order-rep
O100757,104,125,2024-02-01,E2E-order-rep
O100758,110,121,2024-02-01,E2E-order-rep
O100759,109,117,2024-02-01,E2E-order-rep
O100760,114,108,2024-02-01,E2E-order-rep
O100761,106,125,2024-02-01,E2E-order-rep
O100762,107,120,2024-02-01,E2E-order-rep
O100763,110,113,2024-02-01,E2E-order-rep
O100764,112,117,2024-02-01,E2E-order-rep
O100765,114,113,2024-02-01,E2E-order-rep
O100766,119,116,2024-02-01,E2E-order-rep
O100767,109,105,2024-02-01,E2E-order-rep
O100768,124,109,2024-02-01,E2E-order-rep
O100769,114,102,2024-02-01,E2E-order-rep
O100770,111,109,2024-02-01,E2E-order-rep
O100771,107,122,2024-02-01,E2E-order-rep
O100772,110,106,2024-02-01,E2E-order-rep
O100773,101,115,2024-02-01,E2E-order-rep
O100774,122,116,2024-02-01,E2E-order-rep
O100775,106,125,2024-02-01,E2E-order-rep
O100776,101,109,2024-02-01,E2E-order-rep
O100777,125,120,2024-02-01,E2E-order-rep
O100778,104,123,2024-02-01,E2E-order-rep
O100779,105,118,2024-02-01,E2E-order-rep
O100780,115,118,2024-02-01,E2E-order-rep
O100781,123,102,2024-02-01,E2E-order-rep
O100782,115,117,2024-02-01,E2E-order-rep
O100783,123,110,2024-02-01,E2E-order-rep
O100784,107,122,2024-02-01,E2E-order-rep
O100785,121,114,2024-02-01,E2E-order-rep
O100786,109,119,2024-02-01,E2E-order-rep
O100787,109,111,2024-02-01,E2E-order-rep
O100788,109,114,2024-02-01,E2E-order-rep
O100789,116,112,2024-02-01,E2E-order-rep
O100790,106,112,2024-02-01,E2E-order-rep
O100791,102,122,2024-02-01,E2E-order-rep
O100792,124,120,2024-02-01,E2E-order-rep
O100793,111,106,2024-02-01,E2E-order-rep
O100794,124,107,2024-02-01,E2E-order-rep
O100795,114,122,2024-02-01,E2E-order-rep
O100796,118,114,2024-02-01,E2E-order-rep
O100797,116,114,2024-02-01,E2E-order-rep
O100798,124,119,2024-02-01,E2E-order-rep
O100799,105,123,2024-02-01,E2E-order-rep
O100800,102,103,2024-02-01,E2E-order-rep
O100801,125,123,2024-02-01,E2E-order-rep
O100802,124,115,2024-02-01,E2E-order-rep
O100803,113,119,2024-02-01,E2E-order-rep
O100804,119,107,2024-02-01,E2E-order-rep
O100805,105,107,2024-02-01,E2E-order-rep
O100806,114,125,2024-02-01,E2E-order-rep
O100807,119,115,2024-02-01,E2E-order-rep
O100808,112,116,2024-02-01,E2E-order-rep
O100809,104,106,2024-02-01,E2E-order-rep
O100810,122,124,2024-02-01,E2E-order-rep
O100811,101,103,2024-02-01,E2E-order-rep
O100812,107,110,2024-02-01,E2E-order-rep
O100813,120,113,2024-02-01,E2E-order-rep
O100814,114,104,2024-02-01,E2E-order-rep
O100815,122,112,2024-02-01,E2E-order-rep
O100816,123,104,2024-02-01,E2E-order-rep
O100817,117,125,2024-02-01,E2E-order-rep
O100818,123,106,2024-02-01,E2E-order-rep
O100819,111,124,2024-02-01,E2E-order-rep
O100820,117,101,2024-02-01,E2E-order-rep
O100821,106,116,2024-02-01,E2E-order-rep
O100822,104,110,2024-02-01,E2E-order-rep
O100823,101,125,2024-02-01,E2E-order-rep
O100824,111,112,2024-02-01,E2E-order-rep
O100825,102,106,2024-02-01,E2E-order-rep
O100826,120,114,2024-02-01,E2E-order-rep
O100827,101,112,2024-02-01,E2E-order-rep
O100828,102,107,2024-02-01,E2E-order-rep
O100829,112,115,2024-02-01,E2E-order-rep
O100830,121,119,2024-02-01,E2E-order-rep
O100831,113,119,2024-02-01,E2E-order-rep
O100832,122,114,2024-02-01,E2E-order-rep
O100833,114,113,2024-02-01,E2E-order-rep
O100834,111,105,2024-02-01,E2E-order-rep
O100835,123,122,2024-02-01,E2E-order-rep
O100836,105,119,2024-02-01,E2E-order-rep
O100837,103,110,2024-02-01,E2E-order-rep
O100838,113,115,2024-02-01,E2E-order-rep
O100839,103,116,2024-02-01,E2E-order-rep
O100840,114,115,2024-02-01,E2E-order-rep
O100841,122,113,2024-02-01,E2E-order-rep
O100842,121,113,2024-02-01,E2E-order-rep
O100843,109,124,2024-02-01,E2E-order-rep
O100844,106,102,2024-02-01,E2E-order-rep
O100845,106,117,2024-02-01,E2E-order-rep
O100846,112,120,2024-02-01,E2E-order-rep
O100847,114,117,2024-02-01,E2E-order-rep
O100848,121,116,2024-02-01,E2E-order-rep
O100849,109,112,2024-02-01,E2E-order-rep
O100850,106,101,2024-02-01,E2E-order-rep
O100851,121,124,2024-02-01,E2E-order-rep
O100852,119,122,2024-02-01,E2E-order-rep
O100853,125,121,2024-02-01,E2E-order-rep
O100854,117,109,2024-02-01,E2E-order-rep
O100855,105,110,2024-02-01,E2E-order-rep
O100856,108,112,2024-02-01,E2E-order-rep
O100857,111,121,2024-02-01,E2E-order-rep
O100858,122,120,2024-02-01,E2E-order-rep
O100859,125,109,2024-02-01,E2E-order-rep
O100860,112,121,2024-02-01,E2E-order-rep
O100861,119,112,2024-02-01,E2E-order-rep
O100862,123,106,2024-02-01,E2E-order-rep
O100863,116,106,2024-02-01,E2E-order-rep
O100864,119,105,2024-02-01,E2E-order-rep
O100865,101,124,2024-02-01,E2E-order-rep
O100866,124,113,2024-02-01,E2E-order-rep
O100867,115,107,2024-02-01,E2E-order-rep
O100868,104,122,2024-02-01,E2E-order-rep
O100869,124,120,2024-02-01,E2E-order-rep
O100870,102,122,2024-02-01,E2E-order-rep
O100871,103,109,2024-02-01,E2E-order-rep
O100872,122,116,2024-02-01,E2E-order-rep
O100873,117,103,2024-02-01,E2E-order-rep
O100874,121,115,2024-02-01,E2E-order-rep
O100875,108,110,2024-02-01,E2E-order-rep
O100876,120,104,2024-02-01,E2E-order-rep
O100877,122,125,2024-02-01,E2E-order-rep
O100878,114,109,2024-02-01,E2E-order-rep
O100879,104,117,2024-02-01,E2E-order-rep
O100880,109,105,2024-02-01,E2E-order-rep
O100881,116,112,2024-02-01,E2E-order-rep
O100882,117,124,2024-02-01,E2E-order-rep
O100883,103,109,2024-02-01,E2E-order-rep
O100884,112,125,2024-02-01,E2E-order-rep
O100885,119,110,2024-02-01,E2E-order-rep
O100886,112,105,2024-02-01,E2E-order-rep
O100887,114,104,2024-02-01,E2E-order-rep
O100888,115,118,2024-02-01,E2E-order-rep
O100889,125,123,2024-02-01,E2E-order-rep
O100890,113,120,2024-02-01,E2E-order-rep
O100891,117,107,2024-02-01,E2E-order-rep
O100892,113,112,2024-02-01,E2E-order-rep
O100893,111,101,2024-02-01,E2E-order-rep
O100894,107,109,2024-02-01,E2E-order-rep
O100895,115,122,2024-02-01,E2E-order-rep
O100896,113,119,2024-02-01,E2E-order-rep
O100897,116,125,2024-02-01,E2E-order-rep
O100898,107,123,2024-02-01,E2E-order-rep
O100899,123,111,2024-02-01,E2E-order-rep
O100900,112,124,2024-02-01,E2E-order-rep
O100901,115,106,2024-02-01,E2E-order-rep
O100902,116,125,2024-02-01,E2E-order-rep
O100903,106,108,2024-02-01,E2E-order-rep
O100904,120,113,2024-02-01,E2E-order-rep
O100905,118,105,2024-02-01,E2E-order-rep
O100906,103,101,2024-02-01,E2E-order-rep
O100907,119,111,2024-02-01,E2E-order-rep
O100908,110,123,2024-02-01,E2E-order-rep
O100909,101,113,2024-02-01,E2E-order-rep
O100910,108,106,2024-02-01,E2E-order-rep
O100911,106,118,2024-02-01,E2E-order-rep
O100912,111,110,2024-02-01,E2E-order-rep
O100913,112,103,2024-02-01,E2E-order-rep
O100914,117,114,2024-02-01,E2E-order-rep
O100915,117,111,2024-02-01,E2E-order-rep
O100916,104,120,2024-02-01,E2E-order-rep
O100917,104,125,2024-02-01,E2E-order-rep
O100918,124,114,2024-02-01,E2E-order-rep
O100919,117,115,2024-02-01,E2E-order-rep
O100920,107,101,2024-02-01,E2E-order-rep
O100921,102,112,2024-02-01,E2E-order-rep
O100922,111,115,2024-02-01,E2E-order-rep
O100923,115,120,2024-02-01,E2E-order-rep
O100924,110,108,2024-02-01,E2E-order-rep
O100925,105,112,2024-02-01,E2E-order-rep
O100926,121,118,2024-02-01,E2E-order-rep
O100927,113,121,2024-02-01,E2E-order-rep
O100928,102,119,2024-02-01,E2E-order-rep
O100929,106,124,2024-02-01,E2E-order-rep
O100930,119,121,2024-02-01,E2E-order-rep
O100931,121,123,2024-02-01,E2E-order-rep
O100932,121,105,2024-02-01,E2E-order-rep
O100933,103,114,2024-02-01,E2E-order-rep
O100934,112,111,2024-02-01,E2E-order-rep
O100935,117,109,2024-02-01,E2E-order-rep
O100936,113,110,2024-02-01,E2E-order-rep
O100937,105,109,2024-02-01,E2E-order-rep
O100938,111,118,2024-02-01,E2E-order-rep
O100939,109,119,2024-02-01,E2E-order-rep
O100940,108,105,2024-02-01,E2E-order-rep
O100941,103,106,2024-02-01,E2E-order-rep
O100942,106,104,2024-02-01,E2E-order-rep
O100943,105,113,2024-02-01,E2E-order-rep
O100944,108,107,2024-02-01,E2E-order-rep
O100945,123,119,2024-02-01,E2E-order-rep
O100946,116,109,2024-02-01,E2E-order-rep
O100947,119,116,2024-02-01,E2E-order-rep
O100948,117,123,2024-02-01,E2E-order-rep
O100949,111,110,2024-02-01,E2E-order-rep
O100950,121,115,2024-02-01,E2E-order-rep
O100951,114,112,2024-02-01,E2E-order-rep
O100952,117,125,2024-02-01,E2E-order-rep
O100953,113,107,2024-02-01,E2E-order-rep
O100954,123,102,2024-02-01,E2E-order-rep
O100955,105,121,2024-02-01,E2E-order-rep
O100956,110,114,2024-02-01,E2E-order-rep
O100957,112,106,2024-02-01,E2E-order-rep
O100958,101,107,2024-02-01,E2E-order-rep
O100959,119,101,2024-02-01,E2E-order-rep
O100960,125,106,2024-02-01,E2E-order-rep
O100961,124,114,2024-02-01,E2E-order-rep
O100962,119,113,2024-02-01,E2E-order-rep
O100963,103,101,2024-02-01,E2E-order-rep
O100964,119,102,2024-02-01,E2E-order-rep
O100965,105,102,2024-02-01,E2E-order-rep
O100966,101,105,2024-02-01,E2E-order-rep
O100967,115,123,2024-02-01,E2E-order-rep
O100968,104,105,2024-02-01,E2E-order-rep
O100969,111,109,2024-02-01,E2E-order-rep
O100970,111,116,2024-02-01,E2E-order-rep
O100971,120,124,2024-02-01,E2E-order-rep
O100972,119,123,2024-02-01,E2E-order-rep
O100973,120,124,2024-02-01,E2E-order-rep
O100974,121,115,2024-02-01,E2E-order-rep
O100975,106,101,2024-02-01,E2E-order-rep
O100976,103,123,2024-02-01,E2E-order-rep
O100977,109,105,2024-02-01,E2E-order-rep
O100978,102,101,2024-02-01,E2E-order-rep
O100979,108,103,2024-02-01,E2E-order-rep
O100980,101,114,2024-02-01,E2E-order-rep
O100981,120,118,2024-02-01,E2E-order-rep
O100982,106,114,2024-02-01,E2E-order-rep
O100983,107,108,2024-02-01,E2E-order-rep
O100984,101,107,2024-02-01,E2E-order-rep
O100985,101,105,2024-02-01,E2E-order-rep
O100986,115,117,2024-02-01,E2E-order-rep
O100987,111,107,2024-02-01,E2E-order-rep
O100988,104,124,2024-02-01,E2E-order-rep
O100989,120,123,2024-02-01,E2E-order-rep
O100990,107,120,2024-02-01,E2E-order-rep
O100991,113,123,2024-02-01,E2E-order-rep
O100992,111,123,2024-02-01,E2E-order-rep
O100993,104,108,2024-02-01,E2E-order-rep
O100994,109,101,2024-02-01,E2E-order-rep
O100995,112,114,2024-02-01,E2E-order-rep
O100996,119,114,2024-02-01,E2E-order-rep
O100997,116,106,2024-02-01,E2E-order-rep
O100998,125,119,2024-02-01,E2E-order-rep
O100999,108,123,2024-02-01,E2E-order-rep
O101000,115,110,2024-02-01,E2E-order-rep
